{"rank": 10, "maxiter": 10, "regparam": 0.01, "rmse": 1.9435508937501484, "time": 65.18618822097778}